{
    "name": "yzecorioliscbpk",
    "title": "Coriolis CBPK",
    "description": "Coriolis System for Foundry VTT.",
    "version": "3.0.4",
    "compatibility": {
        "minimum": "10",
        "verified": "10"
    },
    "templateVersion": 2,
    "authors": [
        {
            "name": "Winks"
        }
    ],
    "esmodules": [
        "module/yzecoriolis.js",
        "module/hooks.js"
    ],
    "styles": [
        "css/yzecoriolis.css",
        "css/yzecoriolismce.css"
    ],
    "scripts": [],
    "packs": [
        {
            "name": "ship_sheet_instructions",
            "label": "Ship Sheet Instructions",
            "path": "packs/ship-sheet-instructions.db",
            "type": "JournalEntry",
            "module": "Coriolis"
        }
    ],
    "languages": [
        {
            "lang": "en",
            "name": "English",
            "path": "lang/en.json"
        },
        {
            "lang": "de",
            "name": "Deutsch",
            "path": "lang/de.json"
        },
        {
            "lang": "es",
            "name": "Spanish",
            "path": "lang/es.json"
        },
        {
            "lang": "sv",
            "name": "Swedish",
            "path": "lang/sv.json"
        },
        {
            "lang": "pt-BR",
            "name": "Brazilian Portuguese",
            "path": "lang/pt-br.json"
        },
        {
            "lang": "fr",
            "name": "French",
            "path": "lang/fr.json"
        }
    ],
    "gridDistance": 1,
    "gridUnits": "m",
    "primaryTokenAttribute": "health",
    "secondaryTokenAttribute": "power",
    "url": "",
    "manifest": "https://github.com/kankick/yze-coriolis-CBPK/yze-coriolis/releases/latest/download/system.json",
    "download": "https://github.com/kankick/yze-coriolis-CBPK/yze-coriolis/releases/download/v3.0.4/coriolis.zip"
}
